<?xml version="1.0" encoding="UTF-8"?>
<EmailTemplate xmlns="http://soap.sforce.com/2006/04/metadata">
    <available>true</available>
    <description>Alerta de cliente pendiente de captación</description>
    <encodingKey>ISO-8859-1</encodingKey>
    <letterhead>EVO_Banco</letterhead>
    <name>Alerta Captación</name>
    <style>freeForm</style>
    <subject>Validación datos de abandono del cliente {!Account.ID_Cliente_EVO__c}</subject>
    <textOnly>Hola Dep. Captación;



Es necesario validar los datos de abandono del cliente {!Account.Id}



Pulsa el siguiente enlace para poder gestionar el cliente.



{!Account.Link}


Gracias</textOnly>
    <type>html</type>
    <uiType>Aloha</uiType>
</EmailTemplate>
