<?xml version="1.0" encoding="UTF-8"?>
<EmailTemplate xmlns="http://soap.sforce.com/2006/04/metadata">
    <available>true</available>
    <description>Este email sigue a backoffice por el cliente elegir no conforme</description>
    <encodingKey>ISO-8859-1</encodingKey>
    <letterhead>EVO_Banco</letterhead>
    <name>Alerta Backoffice_no_conforme</name>
    <style>freeForm</style>
    <subject>Cliente  {!Account.ID_Cliente_EVO__c} informa que datos no conforme</subject>
    <textOnly>Hola Dep. Backoffice;

Se requiere que se contacte el cliente {!Account.Name}. El mismo informa que los datos en pantalla no están conforme.

Pulsa el enlace para ver los detalles del registro del cliente:
{!Account.Link}

Saludos</textOnly>
    <type>html</type>
    <uiType>Aloha</uiType>
</EmailTemplate>
