<?xml version="1.0" encoding="UTF-8"?>
<EmailTemplate xmlns="http://soap.sforce.com/2006/04/metadata">
    <available>true</available>
    <description>Este email sigue a backoffice por fraude cuando necesitan mas información del cliente</description>
    <encodingKey>ISO-8859-1</encodingKey>
    <letterhead>EVO_Banco</letterhead>
    <name>Alerta Backoffice</name>
    <style>freeForm</style>
    <subject>Necesario validar datos del cliente {!Confirma__c.ID_Cliente_EVO__c}</subject>
    <textOnly>Hola Dep. Backoffice;

Se requieren datos adicionales del cliente {!Confirma__c.Cliente__c}.

Pulsa el enlace para ver los detalles del registro en Confirma
{!Confirma__c.Link}


Gracias</textOnly>
    <type>html</type>
    <uiType>Aloha</uiType>
</EmailTemplate>
