<?xml version="1.0" encoding="UTF-8"?>
<EmailTemplate xmlns="http://soap.sforce.com/2006/04/metadata">
    <available>true</available>
    <encodingKey>ISO-8859-1</encodingKey>
    <letterhead>EVO_Banco</letterhead>
    <name>Alerta Asnef</name>
    <style>formalLetter</style>
    <subject>Deuda Asnef</subject>
    <textOnly>Hola Dep. Oficina Virtual,  

Es necesario validar los datos del cliente {!Asnef__c.ID_Cliente_EVO__c} con Proceso de Contratación {!Asnef__c.Proceso_de_Contratacion__c}

Pulse el siguiente link para acceder al registro de Asnef: {!Asnef__c.Link}

Saludos</textOnly>
    <type>html</type>
    <uiType>Aloha</uiType>
</EmailTemplate>
