<?xml version="1.0" encoding="UTF-8"?>
<EmailTemplate xmlns="http://soap.sforce.com/2006/04/metadata">
    <available>true</available>
    <encodingKey>ISO-8859-1</encodingKey>
    <letterhead>EVO_Banco</letterhead>
    <name>Alerta Backoffice_ElectronicaID</name>
    <style>freeForm</style>
    <subject>Validación del cliente {!ElectronicaID__c.ID_Cliente_EVO__c} en ElectronicaID</subject>
    <textOnly>Hola Dep. BackOffice;



El proceso de activación del cliente {!ElectronicaID__c.Cliente__c} tiene que ser revisado.



Pulsa el siguiente enlace para poder gestionar la identificación del cliente.

{!ElectronicaID__c.Link}


Gracias</textOnly>
    <type>html</type>
    <uiType>Aloha</uiType>
</EmailTemplate>
