<?xml version="1.0" encoding="UTF-8"?>
<EmailTemplate xmlns="http://soap.sforce.com/2006/04/metadata">
    <available>true</available>
    <encodingKey>ISO-8859-1</encodingKey>
    <letterhead>EVO_Banco</letterhead>
    <name>Backoffice a Fraude 2</name>
    <style>freeForm</style>
    <subject>Validar Cliente de Backoffice {!Confirma__c.ID_Cliente_EVO__c}</subject>
    <textOnly>Hola Dep. Fraude;

El proceso de activación del cliente {!Confirma__c.Cliente__c} ha sido actualizado por Backoffice y ha quedado en el estado de Gestión  Backoffice: {!Confirma__c.Subgestion__c}

Pulsa el siguiente enlace para gestionar la identificación y así poder seguir con el flujo de contratación.

{!Confirma__c.Link}

Gracias</textOnly>
    <type>html</type>
    <uiType>Aloha</uiType>
</EmailTemplate>
