<?xml version="1.0" encoding="UTF-8"?>
<EmailTemplate xmlns="http://soap.sforce.com/2006/04/metadata">
    <available>true</available>
    <description>Estado tempo expirado o error de validación</description>
    <encodingKey>ISO-8859-1</encodingKey>
    <letterhead>EVO_Banco</letterhead>
    <name>BO por Logalty 2</name>
    <style>freeForm</style>
    <subject>Necesario validar el cliente {!Logalty__c.ID_Cliente_EVO__c} de Logalty</subject>
    <textOnly>Hola Dep. Backoffice;

Es necesario revisar el estado de la firma del cliente {!Logalty__c.Cliente__c} en el Processo de Contratación {!Logalty__c.Caso__c}

{!Logalty__c.Link}

Gracias</textOnly>
    <type>html</type>
    <uiType>Aloha</uiType>
</EmailTemplate>
