<?xml version="1.0" encoding="UTF-8"?>
<EmailTemplate xmlns="http://soap.sforce.com/2006/04/metadata">
    <available>true</available>
    <description>Notification of new password when Customer Portal password is reset</description>
    <encodingKey>ISO-8859-1</encodingKey>
    <name>Customer Portal:  Reset Password  (SAMPLE)</name>
    <style>none</style>
    <subject>Your new {!Organization.Name} Customer Portal password</subject>
    <type>text</type>
    <uiType>Aloha</uiType>
</EmailTemplate>
