<?xml version="1.0" encoding="UTF-8"?>
<EmailTemplate xmlns="http://soap.sforce.com/2006/04/metadata">
    <available>true</available>
    <description>El email que sigue para fraude por el cliente</description>
    <encodingKey>ISO-8859-1</encodingKey>
    <letterhead>EVO_Banco</letterhead>
    <name>Fraude por Confirma  2</name>
    <style>freeForm</style>
    <subject>Por favor validar posible Fraude para el cliente {!Confirma__c.ID_Cliente_EVO__c}</subject>
    <textOnly>Hola Dep. de Fraude;

El proceso de activación del cliente {!Confirma__c.Cliente__c} no ha podido ser establecido por el resultado de Confirma: {!Confirma__c.Estado_Confirma__c}

Pulsa el siguiente enlace para gestionar la identificación y así poder seguir con el flujo de contratación.

{!Confirma__c.Link}

Gracias</textOnly>
    <type>html</type>
    <uiType>Aloha</uiType>
</EmailTemplate>
