<?xml version="1.0" encoding="UTF-8"?>
<EmailTemplate xmlns="http://soap.sforce.com/2006/04/metadata">
    <available>true</available>
    <description>Formato para informar Blanqueo de Capitales cuando PBC es alto</description>
    <encodingKey>ISO-8859-1</encodingKey>
    <letterhead>EVO_Banco</letterhead>
    <name>PBC OCIC Blanqueo de Capitales 2</name>
    <style>freeForm</style>
    <subject>Problema con PBC/OCIC con el cliente {!PBC_OCIC__c.ID_Cliente_EVO__c}</subject>
    <textOnly>Hola Dep. Blanqueo de capitales,

Es necesario revisar el estado de la fima del cliente {!PBC_OCIC__c.Cuenta__c} en el Proceso de Contratación {!PBC_OCIC__c.Caso__c}

{!PBC_OCIC__c.Link}

Gracias</textOnly>
    <type>html</type>
    <uiType>Aloha</uiType>
</EmailTemplate>
